{"client":"Thunder Client","collectionName":"2022_modelo_pp","dateExported":"2022-04-25T13:46:02.623Z","version":"1.1","folders":[],"requests":[

{"_id":"d3cceadc-caa7-4604-9953-e6cae9aaba35","colId":"f7f32651-9311-475b-8b09-5d73d2923147","containerId":"","name":"modelo - ListadoEmpleados","url":"http://localhost/modelo_pp/backend/ListadoEmpleados.php?tabla=mostrar","method":"GET","sortNum":150000,"created":"2022-04-25T10:43:58.255Z","modified":"2022-04-25T10:43:58.255Z","headers":[],"params":[{"name":"tabla","value":"mostrar"},{"name":"tabla","value":"\"\"","isDisabled":true}]},

{"_id":"76bad1f4-79cf-4bb2-88f7-07ea43b49868","colId":"f7f32651-9311-475b-8b09-5d73d2923147","containerId":"","name":"modelo - ModificarEmpleado","url":"http://localhost/modelo_pp/backend/ModificarEmpleado.php","method":"POST","sortNum":160000,"created":"2022-04-25T10:43:58.256Z","modified":"2022-04-25T10:43:58.256Z","headers":[],"body":{"form":[{"name":"empleado_json","value":"{\"id\":3, \"correo\":\"javi@mail.com\", \"clave\":123, \"nombre\":\"javier\", \"id_perfil\": 1, \"sueldo\":33500, \"path_foto\": \"fake.jpg\"}"}],"files":[{"name":"foto","value":"/C:/Users/Maxi/Pictures/avion.jpg"}],"type":"formdata"}},

{"_id":"9932df12-aacd-4896-83cf-0bb80f84e891","colId":"f7f32651-9311-475b-8b09-5d73d2923147","containerId":"","name":"modelo - EliminarEmpleado","url":"http://localhost/modelo_pp/backend/EliminarEmpleado.php","method":"POST","sortNum":170000,"created":"2022-04-25T10:43:58.257Z","modified":"2022-04-25T10:43:58.257Z","headers":[],"body":{"form":[{"name":"id","value":"2"}],"files":[],"type":"formdata"}}]}
