{"client":"Thunder Client","collectionName":"2022_modelo_pp","dateExported":"2022-04-25T13:46:02.623Z","version":"1.1","folders":[],"requests":[{"_id":"9eff194b-ca4d-49df-b6a5-0e829467ad0a","colId":"f7f32651-9311-475b-8b09-5d73d2923147","containerId":"","name":"login - no válido","url":"http://localhost/modelo_pp/test.php","method":"POST","sortNum":10000,"created":"2022-04-25T10:43:58.056Z","modified":"2022-04-25T13:43:13.449Z","headers":[],"params":[],"body":{"type":"formdata","raw":"","form":[{"name":"opcion","value":"login"},{"name":"correo","value":"algo@algo.com"},{"name":"clave","value":"123"}]},"tests":[]},

{"_id":"0fe794d6-99e6-4478-8b90-2ebd58c5d35e","colId":"f7f32651-9311-475b-8b09-5d73d2923147","containerId":"","name":"login - válido","url":"http://localhost/modelo_pp/test.php","method":"POST","sortNum":20000,"created":"2022-04-25T10:43:58.239Z","modified":"2022-04-25T10:43:58.239Z","headers":[],"body":{"form":[{"name":"opcion","value":"login"},{"name":"correo","value":"admin@admin.com"},{"name":"clave","value":"admin123"}],"files":[],"type":"formdata"}},

{"_id":"fe01ba95-aa3d-4835-b85d-2f47d63f6bb4","colId":"f7f32651-9311-475b-8b09-5d73d2923147","containerId":"","name":"mostrar","url":"http://localhost/modelo_pp/test.php","method":"POST","sortNum":30000,"created":"2022-04-25T10:43:58.241Z","modified":"2022-04-25T10:43:58.241Z","headers":[],"body":{"form":[{"name":"opcion","value":"mostrar"}],"files":[],"type":"formdata"}},

{"_id":"b7209990-315b-4c2b-91d8-ca14d7377772","colId":"f7f32651-9311-475b-8b09-5d73d2923147","containerId":"","name":"alta","url":"http://localhost/modelo_pp/test.php","method":"POST","sortNum":40000,"created":"2022-04-25T10:43:58.242Z","modified":"2022-04-25T10:43:58.242Z","headers":[],"body":{"form":[{"name":"opcion","value":"alta"},{"name":"obj_json","value":"{\"correo\":\"pedro@pedro.com\",\"clave\":\"123\",\"nombre\":\"pedro\",\"perfil\":3}"}],"files":[],"type":"formdata"}},

{"_id":"25548001-3bd8-44cf-90d8-d0321095df86","colId":"f7f32651-9311-475b-8b09-5d73d2923147","containerId":"","name":"modificacion","url":"http://localhost/modelo_pp/test.php","method":"POST","sortNum":50000,"created":"2022-04-25T10:43:58.243Z","modified":"2022-04-25T10:43:58.243Z","headers":[],"body":{"form":[{"name":"opcion","value":"modificacion"},{"name":"obj_json","value":"{\"correo\":\"pedro_modif@pedro.com\",\"clave\":\"123_modif\",\"nombre\":\"pedro_modif\",\"perfil\":1}"},{"name":"id","value":"4"},{"name":"obj_json","value":"{\"correo\":\"pedro@pedro.com\",\"clave\":\"123\",\"nombre\":\"pedro\",\"perfil\":3}","isDisabled":true}],"files":[],"type":"formdata"}},

{"_id":"ac4f11f6-63ef-46f1-a730-b3dc7ebd3e68","colId":"f7f32651-9311-475b-8b09-5d73d2923147","containerId":"","name":"baja","url":"http://localhost/modelo_pp/test.php","method":"POST","sortNum":60000,"created":"2022-04-25T10:43:58.244Z","modified":"2022-04-25T10:43:58.244Z","headers":[],"body":{"form":[{"name":"opcion","value":"baja"},{"name":"id","value":"6"}],"files":[],"type":"formdata"}},

{"_id":"c2043901-2bfd-4b12-9757-d9b30bc7aa4f","colId":"f7f32651-9311-475b-8b09-5d73d2923147","containerId":"","name":"modelo - altaUsuarioJSON","url":"http://localhost/modelo_pp/backend/AltaUsuarioJSON.php","method":"POST","sortNum":70000,"created":"2022-04-25T10:43:58.245Z","modified":"2022-04-25T10:43:58.245Z","headers":[],"body":{"form":[{"name":"correo","value":"pedro@mail.com"},{"name":"clave","value":"123"},{"name":"nombre","value":"pedro"}],"files":[],"type":"formdata"}},

{"_id":"992a5d7a-5e8e-435b-bf18-daadfa60d347","colId":"f7f32651-9311-475b-8b09-5d73d2923147","containerId":"","name":"modelo - listadoUsuariosJSON","url":"http://localhost/modelo_pp/backend/ListadoUsuariosJSON.php","method":"GET","sortNum":80000,"created":"2022-04-25T10:43:58.246Z","modified":"2022-04-25T10:43:58.246Z","headers":[]},

{"_id":"7c3f493e-2bae-442c-8bc9-6ba792fdeb15","colId":"f7f32651-9311-475b-8b09-5d73d2923147","containerId":"","name":"modelo - AltaUsuario","url":"http://localhost/modelo_pp/backend/AltaUsuario.php","method":"POST","sortNum":90000,"created":"2022-04-25T10:43:58.247Z","modified":"2022-04-25T10:43:58.247Z","headers":[],"body":{"form":[{"name":"correo","value":"pablo@mail.com"},{"name":"clave","value":"123"},{"name":"nombre","value":"pablo"},{"name":"id_perfil","value":"3"}],"files":[],"type":"formdata"}},

{"_id":"b14c874e-cd7a-4973-a29c-1f51425ee886","colId":"f7f32651-9311-475b-8b09-5d73d2923147","containerId":"","name":"modelo - ListadoUsuarios","url":"http://localhost/modelo_pp/backend/ListadoUsuarios.php?tabla=mostrar","method":"GET","sortNum":100000,"created":"2022-04-25T10:43:58.249Z","modified":"2022-04-25T10:43:58.249Z","headers":[],"params":[{"name":"tabla","value":"mostrar"},{"name":"tabla","value":"\"\"","isDisabled":true}]},

{"_id":"b9174ddd-08af-40e2-95a2-8409ac2b2429","colId":"f7f32651-9311-475b-8b09-5d73d2923147","containerId":"","name":"modelo - VerificarUsuario","url":"http://localhost/modelo_pp/backend/VerificarUsuario.php","method":"POST","sortNum":110000,"created":"2022-04-25T10:43:58.251Z","modified":"2022-04-25T10:43:58.251Z","headers":[],"body":{"form":[{"name":"usuario_json","value":"{\"correo\":\"pablo@mail.com\", \"clave\":123}"}],"files":[],"type":"formdata"}},

{"_id":"96e43f63-c7de-499a-95e6-2d2c445b1a4f","colId":"f7f32651-9311-475b-8b09-5d73d2923147","containerId":"","name":"modelo - ModificarUsuario","url":"http://localhost/modelo_pp/backend/ModificarUsuario.php","method":"POST","sortNum":120000,"created":"2022-04-25T10:43:58.252Z","modified":"2022-04-25T10:43:58.252Z","headers":[],"body":{"form":[{"name":"usuario_json","value":"{\"id\":5, \"correo\":\"javipino@mail.com.ar\", \"clave\":1234, \"nombre\":\"javier pino\", \"id_perfil\": 3}"}],"files":[],"type":"formdata"}},


{"_id":"ff00b604-a86d-49bb-a22e-27c8cc75b289","colId":"f7f32651-9311-475b-8b09-5d73d2923147","containerId":"","name":"modelo - EliminarUsuario","url":"http://localhost/modelo_pp/backend/EliminarUsuario.php","method":"POST","sortNum":130000,"created":"2022-04-25T10:43:58.253Z","modified":"2022-04-25T10:43:58.253Z","headers":[],"body":{"form":[{"name":"id","value":"7"}],"files":[],"type":"formdata"}},

{"_id":"3439f8b1-535f-4cec-ba86-f2fe28cbd4de","colId":"f7f32651-9311-475b-8b09-5d73d2923147","containerId":"","name":"modelo - AltaEmpleado","url":"http://localhost/modelo_pp/backend/AltaEmpleado.php","method":"POST","sortNum":140000,"created":"2022-04-25T10:43:58.254Z","modified":"2022-04-25T10:43:58.254Z","headers":[],"body":{"form":[{"name":"nombre","value":"atilio"},{"name":"correo","value":"atilio@mail.com"},{"name":"clave","value":"123"},{"name":"id_perfil","value":"2"},{"name":"sueldo","value":"25000"}],"files":[{"name":"foto","value":"/C:/Users/Maxi/Pictures/nacho_dub.jpg"}],"type":"formdata"}}]}